found_item_id,user_id,organization_id,category_id,title,description,size,date_found,location_lat,location_lng,location_name,status,created_at
1,74,1,2,Driving license,Found - Driving license. Can mouth discover next property government however score.,Large,2026-04-28,33.9989246,71.4685152,IMSciences Main Gate,Pending,2026-04-28 20:09:00
2,78,1,1,USB drive 32GB,Found - USB drive 32GB. Least back fine investment identify policy.,Small,2026-04-14,33.9990161,71.4686394,IMSciences Library 2nd Floor,Pending,2026-04-14 21:01:00
3,18,1,1,Power bank,Found - Power bank. If whom commercial way least ready gun.,Small,2026-04-28,33.9992795,71.4685697,IMSciences Sports Ground,Pending,2026-04-28 19:26:00
4,69,1,1,Samsung Galaxy phone,Found - Samsung Galaxy phone. During open model how financial fund four.,Medium,2026-04-02,33.9993112,71.4686353,IMSciences Block C,Pending,2026-04-02 16:14:00
5,80,1,1,Calculator (Casio fx-991),Found - Calculator (Casio fx-991). Member box member town glass road.,Medium,2026-03-31,33.9992573,71.4684425,IMSciences Block C,Closed,2026-03-31 21:25:00
6,56,1,6,Red scarf,Found - Red scarf. Bill eight community check service away week physical less.,Medium,2026-05-10,33.9992139,71.4683794,IMSciences Lab 1,Pending,2026-05-10 17:09:00
7,10,1,2,Admit slip,Found - Admit slip. Large under north play person ten physical character attention kind field ever argue.,Large,2026-05-05,33.9988841,71.4685349,IMSciences Mosque,Pending,2026-05-05 17:33:00
8,39,1,4,Slim wallet,Found - Slim wallet. Financial later arm story baby ten.,Large,2026-03-25,33.9989897,71.4686907,IMSciences Block B,Returned,2026-03-25 18:56:00
9,100,1,5,Tote bag,Found - Tote bag. Order his oil west school American training occur could painting may whatever late.,Medium,2026-04-19,33.9993552,71.4685955,IMSciences Block C,Returned,2026-04-19 14:26:00
10,95,1,1,Power bank,Found - Power bank. Mean common easy just keep mission city.,Medium,2026-04-22,33.999166,71.4685297,IMSciences Block A,Pending,2026-04-22 22:30:00
11,10,1,1,Samsung Galaxy phone,Found - Samsung Galaxy phone. Hold simple quickly appear piece free form newspaper hit.,Small,2026-04-10,33.9989886,71.4687055,IMSciences Block B,Returned,2026-04-10 16:03:00
12,77,1,5,Travel suitcase,Found - Travel suitcase. Their four old center glass whose recognize hot organization visit finally heavy social.,Large,2026-03-29,33.9989143,71.4686494,IMSciences Library 1st Floor,Returned,2026-03-29 14:55:00
13,94,1,1,USB drive 32GB,Found - USB drive 32GB. Behavior provide meet adult final week game she court yourself choice fast.,Large,2026-03-26,33.9988407,71.4684312,IMSciences Parking Area,Pending,2026-03-26 18:30:00
14,30,1,7,Lunch box,Found - Lunch box. Side strong this also from short capital heavy class story side speak.,Medium,2026-04-02,33.9988025,71.468166,IMSciences Admin Office,Pending,2026-04-02 11:51:00
15,56,1,7,Water bottle,Found - Water bottle. Analysis hair rest wide particular sell six doctor dream whole six.,Large,2026-04-04,33.9988631,71.4684374,IMSciences Reception,Pending,2026-04-04 12:44:00
16,99,1,3,Hostel room keys,Found - Hostel room keys. Question now key show sing me industry class current painting.,Medium,2026-04-10,33.9986726,71.4681973,IMSciences Cafeteria,Matched,2026-04-10 09:09:00
17,96,1,6,Black jacket,Found - Black jacket. Political them never bill suffer surface.,Small,2026-04-13,33.9990622,71.4685005,IMSciences Lab 1,Pending,2026-04-13 10:23:00
18,41,1,6,Cardigan,Found - Cardigan. Several evening town challenge join watch develop.,Large,2026-04-29,33.999184,71.468521,IMSciences Sports Ground,Pending,2026-04-29 17:03:00
19,88,1,1,USB drive 32GB,Found - USB drive 32GB. Us increase how hear history bank different five between research.,Medium,2026-04-18,33.9988196,71.4684928,IMSciences Mosque,Pending,2026-04-18 11:48:00
20,67,1,1,Power bank,Found - Power bank. Case expert stop receive catch relationship large.,Medium,2026-03-17,33.9988633,71.4685714,IMSciences Library 1st Floor,Pending,2026-03-17 18:19:00
21,7,1,2,Result card,Found - Result card. Affect democratic change vote participant institution simply.,Large,2026-04-09,33.9986031,71.4682606,IMSciences Cafeteria,Pending,2026-04-09 10:48:00
22,34,1,3,Hostel room keys,Found - Hostel room keys. Business draw police performance artist student matter movie place.,Small,2026-05-11,33.998799,71.4683123,IMSciences Cafeteria,Pending,2026-05-11 16:45:00
23,31,1,5,Travel suitcase,Found - Travel suitcase. Responsibility fact ability good number cost property model guess.,Small,2026-05-07,33.9992947,71.4684269,IMSciences Block B,Pending,2026-05-07 22:04:00
24,42,1,5,Lunch bag,Found - Lunch bag. Medical write never hospital like player wonder effect administration small general run.,Large,2026-03-27,33.9992338,71.4685771,IMSciences Block B,Pending,2026-03-27 08:20:00
25,23,1,7,Wristband,Found - Wristband. Same forward and national spend compare single let receive place specific as simply.,Large,2026-04-30,33.9987447,71.4683347,IMSciences Reception,Pending,2026-04-30 14:37:00
26,53,1,5,Black laptop bag,Found - Black laptop bag. Fall analysis current among value middle.,Medium,2026-05-08,33.9987041,71.4682558,IMSciences Admin Office,Pending,2026-05-08 10:04:00
27,67,1,6,Red scarf,Found - Red scarf. Education send course ground sit tend forward buy happy threat sea thus.,Large,2026-04-23,33.9986276,71.4684105,IMSciences Auditorium,Pending,2026-04-23 21:41:00
28,20,1,2,Driving license,Found - Driving license. Wind many marriage under mind song risk bad own state.,Small,2026-05-08,33.9987789,71.468441,IMSciences Parking Area,Matched,2026-05-08 18:04:00
29,24,1,7,Wristband,Found - Wristband. Fly bag produce fill owner international ready goal amount.,Medium,2026-04-20,33.9990955,71.4685918,IMSciences Lab 2,Matched,2026-04-20 22:36:00
30,84,1,6,Cardigan,Found - Cardigan. Your ever woman way avoid point guy song quickly well central parent sit.,Large,2026-03-20,33.9989604,71.4684073,IMSciences Block A,Pending,2026-03-20 12:50:00
31,37,1,5,Blue backpack,Found - Blue backpack. Attack sing hand him note painting quickly.,Medium,2026-04-22,33.9985797,71.4682847,IMSciences Auditorium,Pending,2026-04-22 13:53:00
32,38,1,1,Samsung Galaxy phone,Found - Samsung Galaxy phone. Know baby case happen fire everything whether ago control military.,Large,2026-05-10,33.9993528,71.4686851,IMSciences Sports Ground,Matched,2026-05-10 20:47:00
33,7,1,4,Coin pouch,Found - Coin pouch. Energy employee land you experience trouble make.,Large,2026-03-28,33.9987253,71.468492,IMSciences Mosque,Pending,2026-03-28 08:28:00
34,15,1,7,Pen set,Found - Pen set. Table later together knowledge because radio suffer.,Large,2026-04-17,33.9989518,71.468369,IMSciences Library 1st Floor,Pending,2026-04-17 15:28:00
35,69,1,5,Sports bag,Found - Sports bag. Remember nearly face feel church remember record company gun difference.,Medium,2026-04-05,33.9992672,71.468535,IMSciences Block A,Matched,2026-04-05 18:38:00
36,8,1,7,Pen set,Found - Pen set. Door management guess occur level work candidate.,Small,2026-03-25,33.9989378,71.4686514,IMSciences Block A,Pending,2026-03-25 19:54:00
37,86,1,5,Sports bag,Found - Sports bag. Finally yourself rest moment shoulder statement.,Medium,2026-03-24,33.9989831,71.4683566,IMSciences Library 1st Floor,Pending,2026-03-24 18:44:00
38,86,1,4,Brown wallet,Found - Brown wallet. Win politics last quite general there sister.,Large,2026-05-13,33.9992252,71.4684738,IMSciences Lab 1,Pending,2026-05-13 20:21:00
39,18,1,6,Red scarf,Found - Red scarf. Should can me than story million fight class.,Large,2026-04-07,33.9988194,71.4683947,IMSciences Mosque,Pending,2026-04-07 10:13:00
40,45,1,7,Wristband,Found - Wristband. Way million exist bad cultural what ever person pass behavior.,Small,2026-04-02,33.99909,71.468252,IMSciences Main Gate,Pending,2026-04-02 20:06:00
41,66,1,7,Water bottle,Found - Water bottle. Walk child probably result painting successful nor stay agreement animal political officer prepare.,Large,2026-05-11,33.9992506,71.4686272,IMSciences Block A,Matched,2026-05-11 10:10:00
42,25,1,7,Umbrella,Found - Umbrella. Peace air threat nation politics few each southern image law read.,Large,2026-04-01,33.9990175,71.4685757,IMSciences Block C,Matched,2026-04-01 15:39:00
43,38,1,7,Wristband,Found - Wristband. Indeed less future century technology floor write generation human set middle.,Small,2026-03-27,33.9986457,71.4684862,IMSciences Auditorium,Matched,2026-03-27 22:53:00
44,26,1,3,Cabinet keys,Found - Cabinet keys. Drop business last cell anything war ten industry while total.,Medium,2026-04-17,33.9989827,71.4685127,IMSciences Lab 2,Pending,2026-04-17 10:52:00
45,27,1,7,Umbrella,Found - Umbrella. Return couple city you level these market bed hotel lead drive on any.,Medium,2026-04-13,33.9988565,71.4684896,IMSciences Cafeteria,Matched,2026-04-13 09:45:00
46,68,1,7,Lunch box,Found - Lunch box. Our successful pull experience account blue care enough hand idea and anything.,Medium,2026-05-10,33.9990552,71.4684091,IMSciences Library 1st Floor,Returned,2026-05-10 10:53:00
47,57,1,1,Apple AirPods,Found - Apple AirPods. Guy eye hit late near stay perhaps particularly.,Medium,2026-03-29,33.9987398,71.4681707,IMSciences Reception,Pending,2026-03-29 16:23:00
48,32,1,4,Black leather wallet,Found - Black leather wallet. Hour some fund voice sense current meeting.,Medium,2026-05-04,33.9987013,71.4685623,IMSciences Main Gate,Returned,2026-05-04 18:21:00
49,20,1,2,Student ID card,Found - Student ID card. And case four listen lead paper.,Medium,2026-05-06,33.9989319,71.4684384,IMSciences Reception,Pending,2026-05-06 19:30:00
50,59,1,5,Blue backpack,Found - Blue backpack. Foreign party class wrong school federal from.,Small,2026-05-05,33.9987024,71.468474,IMSciences Cafeteria,Pending,2026-05-05 19:38:00
51,69,1,4,Black leather wallet,Found - Black leather wallet. Majority none little admit former body indicate film together the picture others.,Medium,2026-04-11,33.9988105,71.4682091,IMSciences Main Gate,Pending,2026-04-11 20:39:00
52,60,1,1,Samsung Galaxy phone,Found - Samsung Galaxy phone. Officer return on color pick people subject challenge quite all way body affect.,Medium,2026-04-16,33.9993644,71.4687528,IMSciences Sports Ground,Matched,2026-04-16 19:09:00
53,39,1,4,Black leather wallet,Found - Black leather wallet. Charge real improve simple turn their save artist catch debate foot.,Large,2026-05-02,33.9989962,71.4685466,IMSciences Block A,Matched,2026-05-02 09:33:00
54,48,1,1,Calculator (Casio fx-991),Found - Calculator (Casio fx-991). Heavy what least mouth national put test race sound enough machine whatever.,Large,2026-04-13,33.9988646,71.468303,IMSciences Auditorium,Pending,2026-04-13 21:30:00
55,7,1,6,Sweater,Found - Sweater. Fear walk word side relate real major look night various return explain of.,Medium,2026-05-08,33.9989989,71.4683428,IMSciences Parking Area,Pending,2026-05-08 11:46:00
56,86,1,6,Red scarf,Found - Red scarf. Time house generation significant chair among western bad under pretty.,Large,2026-05-02,33.9991527,71.4684034,IMSciences Lab 1,Pending,2026-05-02 13:52:00
57,84,1,2,Birth certificate copy,Found - Birth certificate copy. Dark Mrs usually receive case past only drug.,Large,2026-05-07,33.9992527,71.4687546,IMSciences Block C,Pending,2026-05-07 20:29:00
58,6,1,3,Office keys,Found - Office keys. Point appear including response beyond side accept nearly.,Small,2026-04-01,33.9989498,71.4683768,IMSciences Lab 2,Returned,2026-04-01 16:25:00
59,71,1,4,Card holder,Found - Card holder. Present thing little practice sense expert experience arrive shoulder present discussion.,Small,2026-03-20,33.9991288,71.4684744,IMSciences Lab 2,Returned,2026-03-20 08:55:00
60,85,1,3,Locker keys,Found - Locker keys. Individual study value already structure small control see.,Small,2026-04-14,33.9990172,71.4687158,IMSciences Lab 2,Matched,2026-04-14 22:24:00
61,45,1,2,Birth certificate copy,Found - Birth certificate copy. Across nothing blue work expect writer.,Large,2026-05-08,33.9991469,71.4687489,IMSciences Block C,Pending,2026-05-08 09:46:00
62,56,1,1,Bluetooth headphones,Found - Bluetooth headphones. Management voice surface life cover both class learn either control say so.,Large,2026-05-11,33.9986522,71.4682375,IMSciences Admin Office,Pending,2026-05-11 13:42:00
63,39,1,3,Cabinet keys,Found - Cabinet keys. Compare task today still middle beautiful protect continue.,Large,2026-03-30,33.9990204,71.4686259,IMSciences Lab 1,Pending,2026-03-30 08:46:00
64,47,1,5,Lunch bag,Found - Lunch bag. Food easy end dog send west few reveal activity president realize artist.,Medium,2026-03-28,33.999042,71.4686292,IMSciences Mosque,Pending,2026-03-28 18:25:00
65,48,1,5,Sports bag,Found - Sports bag. Fill if maybe time region financial brother trouble far pass despite.,Small,2026-03-29,33.9991395,71.4685912,IMSciences Library 2nd Floor,Pending,2026-03-29 10:04:00
66,32,1,7,Pen set,Found - Pen set. Check security paper indeed near likely Mr professional despite easy senior their.,Medium,2026-03-24,33.9993298,71.468423,IMSciences Block B,Pending,2026-03-24 15:23:00
67,49,1,4,Coin pouch,Found - Coin pouch. Land region back nor article natural measure of change foreign minute break.,Small,2026-04-05,33.9992051,71.4686468,IMSciences Sports Ground,Pending,2026-04-05 12:15:00
68,16,1,1,Lenovo laptop,Found - Lenovo laptop. Major together knowledge argue car indeed nor next pull final against effort able.,Medium,2026-04-07,33.9987048,71.4683247,IMSciences Auditorium,Pending,2026-04-07 12:45:00
69,59,1,2,Class registration form,Found - Class registration form. Authority interest red must art thus worry line expert conference career political role.,Medium,2026-04-26,33.9992166,71.4685465,IMSciences Lab 1,Pending,2026-04-26 21:04:00
70,59,1,2,Birth certificate copy,Found - Birth certificate copy. Year him thank trade heart radio product much president girl.,Small,2026-04-03,33.9991428,71.4686982,IMSciences Lab 2,Pending,2026-04-03 13:45:00
71,10,1,5,Sling bag,Found - Sling bag. Hotel camera without strong series without leg rest interest here discover leave.,Medium,2026-04-01,33.998643,71.4684038,IMSciences Admin Office,Matched,2026-04-01 10:50:00
72,48,1,5,Tote bag,Found - Tote bag. Country themselves she allow produce past view threat drive.,Small,2026-03-23,33.9990068,71.4682847,IMSciences Main Gate,Pending,2026-03-23 13:35:00
73,75,1,3,Cabinet keys,Found - Cabinet keys. Order land public the each analysis keep.,Large,2026-05-08,33.9990448,71.4683545,IMSciences Library 2nd Floor,Pending,2026-05-08 19:46:00
74,63,1,5,Lunch bag,Found - Lunch bag. Senior simply cell year doctor trouble office officer.,Medium,2026-04-17,33.99881,71.4681701,IMSciences Admin Office,Pending,2026-04-17 09:28:00
75,61,1,6,Cardigan,Found - Cardigan. Few century produce determine feel article we they treatment.,Small,2026-04-27,33.9989316,71.4683805,IMSciences Reception,Matched,2026-04-27 20:08:00
76,57,1,5,Blue backpack,Found - Blue backpack. Many win walk provide skill five indicate chance heavy senior list support feeling.,Small,2026-03-31,33.9986112,71.4681659,IMSciences Auditorium,Pending,2026-03-31 19:14:00
77,46,1,5,Sling bag,Found - Sling bag. Trip none whose newspaper care drug data position two suggest begin.,Small,2026-04-04,33.9987785,71.4685825,IMSciences Parking Area,Pending,2026-04-04 18:19:00
78,80,1,5,Black laptop bag,Found - Black laptop bag. Environmental purpose owner them could seven.,Large,2026-05-10,33.9987175,71.4686266,IMSciences Mosque,Pending,2026-05-10 18:39:00
79,94,1,5,Travel suitcase,Found - Travel suitcase. Look thank four whatever address view while bring.,Large,2026-05-02,33.9989301,71.4681513,IMSciences Cafeteria,Pending,2026-05-02 18:49:00
80,75,1,3,Office keys,Found - Office keys. Receive region however dream focus executive letter possible final.,Large,2026-04-20,33.9991972,71.4684221,IMSciences Block B,Returned,2026-04-20 16:18:00
81,84,1,3,Cabinet keys,Found - Cabinet keys. Third letter sort reveal seven floor data fine animal ten scientist administration.,Small,2026-05-09,33.9991929,71.4685224,IMSciences Lab 2,Pending,2026-05-09 19:03:00
82,22,1,4,Cash purse,Found - Cash purse. Often individual charge form here street material pressure range either start whom politics.,Medium,2026-05-03,33.9990816,71.4686727,IMSciences Block C,Pending,2026-05-03 19:20:00
83,95,1,7,Pen set,Found - Pen set. Collection some college result major true my politics arrive almost suggest.,Medium,2026-03-21,33.9991043,71.468526,IMSciences Library 2nd Floor,Pending,2026-03-21 11:29:00
84,17,1,3,Cabinet keys,Found - Cabinet keys. Include successful discuss religious across media.,Small,2026-04-22,33.9988387,71.4684361,IMSciences Library 2nd Floor,Pending,2026-04-22 17:26:00
85,33,1,7,Umbrella,Found - Umbrella. Pay project pattern low maintain according.,Medium,2026-05-09,33.9988311,71.4682851,IMSciences Reception,Matched,2026-05-09 15:32:00
86,61,1,4,Card holder,Found - Card holder. Activity morning ever within admit spend purpose south travel blood benefit.,Medium,2026-03-31,33.998636,71.4682973,IMSciences Cafeteria,Pending,2026-03-31 11:13:00
87,76,1,3,House keys,Found - House keys. Court money spring environment however health image north wrong.,Small,2026-04-07,33.998898,71.4685529,IMSciences Parking Area,Matched,2026-04-07 15:18:00
88,70,1,1,Samsung Galaxy phone,Found - Samsung Galaxy phone. Range summer president teach service behavior here need argue.,Medium,2026-03-17,33.999153,71.468611,IMSciences Library 2nd Floor,Matched,2026-03-17 13:02:00
89,53,1,1,Tablet device,Found - Tablet device. Bar suddenly population former with wind thus try.,Large,2026-04-08,33.998835,71.4683054,IMSciences Main Gate,Pending,2026-04-08 15:48:00
90,72,1,3,Honda car keys,Found - Honda car keys. Top realize note even under range exactly myself.,Small,2026-03-20,33.9989076,71.468618,IMSciences Library 1st Floor,Pending,2026-03-20 13:48:00
91,20,1,2,Class registration form,Found - Class registration form. Up fire which onto sell require huge baby.,Large,2026-04-01,33.99915,71.4684281,IMSciences Block B,Pending,2026-04-01 13:51:00
92,62,1,5,Pencil case,Found - Pencil case. Drive strong home to forward sense cause write right may window approach join.,Small,2026-03-24,33.9995073,71.4685559,IMSciences Sports Ground,Returned,2026-03-24 13:10:00
93,52,1,5,Sling bag,Found - Sling bag. Painting pass other why for plant situation late direction need.,Large,2026-04-22,33.9991029,71.4685839,IMSciences Block A,Pending,2026-04-22 17:19:00
94,62,1,7,Water bottle,Found - Water bottle. Control one herself sign far east available environmental here six child.,Medium,2026-04-23,33.9991695,71.468772,IMSciences Block A,Matched,2026-04-23 20:57:00
95,94,1,7,Water bottle,Found - Water bottle. Guess before wall know seven bill beautiful issue news mention.,Large,2026-03-27,33.9991062,71.4686922,IMSciences Block C,Closed,2026-03-27 17:36:00
96,31,1,6,Black jacket,Found - Black jacket. Bed never others six tell activity.,Large,2026-04-26,33.9990682,71.4686816,IMSciences Block C,Matched,2026-04-26 21:24:00
97,20,1,7,Notebook,Found - Notebook. Single right nice yeah drug minute rate college especially environmental.,Small,2026-03-31,33.9995293,71.468544,IMSciences Sports Ground,Pending,2026-03-31 13:26:00
98,21,1,4,Travel wallet,Found - Travel wallet. Cold every feel site guess want.,Small,2026-05-04,33.9991507,71.4686546,IMSciences Block B,Pending,2026-05-04 21:47:00
99,95,1,1,Lenovo laptop,Found - Lenovo laptop. Pattern leader career according how success here television key issue statement prepare organization.,Large,2026-04-15,33.9989144,71.4685892,IMSciences Main Gate,Pending,2026-04-15 14:20:00
100,24,1,4,Slim wallet,Found - Slim wallet. Owner receive look concern huge five same plan whose site.,Medium,2026-04-17,33.9986917,71.4684088,IMSciences Auditorium,Matched,2026-04-17 18:51:00
